artifact,artifact_type,technique,ref_type,ref_value,source_file
CleverHans,Tool,Madry Et Al,author_citation,"Madry et al, 2017",cleverhans/tf2/attacks/madry_et_al.py
CleverHans,Tool,Projected Gradient Descent,arxiv,1412.6572,cleverhans/tf2/attacks/projected_gradient_descent.py
CleverHans,Tool,Projected Gradient Descent,arxiv,1611.01236,cleverhans/tf2/attacks/projected_gradient_descent.py
CleverHans,Tool,Projected Gradient Descent,author_citation,"Kurakin et al., 2016",cleverhans/tf2/attacks/projected_gradient_descent.py
CleverHans,Tool,Projected Gradient Descent,author_citation,"Kurakin et al., 2016",cleverhans/tf2/attacks/projected_gradient_descent.py
CleverHans,Tool,Projected Gradient Descent,author_citation,"Madry et al., 2017",cleverhans/tf2/attacks/projected_gradient_descent.py
CleverHans,Tool,Momentum Iterative Method,arxiv,1611.01236,cleverhans/tf2/attacks/momentum_iterative_method.py
CleverHans,Tool,Momentum Iterative Method,author_citation,"Dong et al., 2017",cleverhans/tf2/attacks/momentum_iterative_method.py
CleverHans,Tool,Momentum Iterative Method,author_citation,"NIPS, 2017",cleverhans/tf2/attacks/momentum_iterative_method.py
CleverHans,Tool,Spsa,arxiv,1802.05666,cleverhans/tf2/attacks/spsa.py
CleverHans,Tool,Spsa,arxiv,1802.05666,cleverhans/tf2/attacks/spsa.py
CleverHans,Tool,Spsa,arxiv,1412.6980,cleverhans/tf2/attacks/spsa.py
CleverHans,Tool,Spsa,author_citation,"Uesato et al., 2018",cleverhans/tf2/attacks/spsa.py
CleverHans,Tool,Fast Gradient Method,arxiv,1412.6572,cleverhans/tf2/attacks/fast_gradient_method.py
CleverHans,Tool,Fast Gradient Method,arxiv,1611.01236,cleverhans/tf2/attacks/fast_gradient_method.py
CleverHans,Tool,Carlini Wagner L2,arxiv,1608.04644,cleverhans/tf2/attacks/carlini_wagner_l2.py
CleverHans,Tool,Success Fail,author_citation,"after, 2019",cleverhans/plot/success_fail.py
CleverHans,Tool,Semantic,arxiv,1703.06857,cleverhans/torch/attacks/semantic.py
CleverHans,Tool,Projected Gradient Descent,arxiv,1412.6572,cleverhans/torch/attacks/projected_gradient_descent.py
CleverHans,Tool,Projected Gradient Descent,arxiv,1611.01236,cleverhans/torch/attacks/projected_gradient_descent.py
CleverHans,Tool,Projected Gradient Descent,author_citation,"Kurakin et al., 2016",cleverhans/torch/attacks/projected_gradient_descent.py
CleverHans,Tool,Projected Gradient Descent,author_citation,"Kurakin et al., 2016",cleverhans/torch/attacks/projected_gradient_descent.py
CleverHans,Tool,Projected Gradient Descent,author_citation,"Madry et al., 2017",cleverhans/torch/attacks/projected_gradient_descent.py
CleverHans,Tool,Hop Skip Jump Attack,arxiv,1904.02144,cleverhans/torch/attacks/hop_skip_jump_attack.py
CleverHans,Tool,Noise,arxiv,1802.00420,cleverhans/torch/attacks/noise.py
CleverHans,Tool,Spsa,arxiv,1802.05666,cleverhans/torch/attacks/spsa.py
CleverHans,Tool,Spsa,arxiv,1611.01236,cleverhans/torch/attacks/spsa.py
CleverHans,Tool,Spsa,author_citation,"Uesato et al., 2018",cleverhans/torch/attacks/spsa.py
CleverHans,Tool,Fast Gradient Method,arxiv,1412.6572,cleverhans/torch/attacks/fast_gradient_method.py
CleverHans,Tool,Fast Gradient Method,arxiv,1611.01236,cleverhans/torch/attacks/fast_gradient_method.py
CleverHans,Tool,Sparse L1 Descent,author_citation,"Tramer and Boneh, 2019",cleverhans/torch/attacks/sparse_l1_descent.py
CleverHans,Tool,Sparse L1 Descent,author_citation,"Tramer and Boneh, 2019",cleverhans/torch/attacks/sparse_l1_descent.py
CleverHans,Tool,Carlini Wagner L2,arxiv,1608.04644,cleverhans/torch/attacks/carlini_wagner_l2.py
CleverHans,Tool,Carlini Wagner L2,arxiv,1611.01236,cleverhans/torch/attacks/carlini_wagner_l2.py
CleverHans,Tool,Carlini Wagner L2,author_citation,"is, 1000",cleverhans/torch/attacks/carlini_wagner_l2.py
CleverHans,Tool,Projected Gradient Descent,arxiv,1412.6572,cleverhans/jax/attacks/projected_gradient_descent.py
CleverHans,Tool,Projected Gradient Descent,arxiv,1611.01236,cleverhans/jax/attacks/projected_gradient_descent.py
CleverHans,Tool,Projected Gradient Descent,author_citation,"Kurakin et al., 2016",cleverhans/jax/attacks/projected_gradient_descent.py
CleverHans,Tool,Projected Gradient Descent,author_citation,"Kurakin et al., 2016",cleverhans/jax/attacks/projected_gradient_descent.py
CleverHans,Tool,Projected Gradient Descent,author_citation,"Madry et al., 2017",cleverhans/jax/attacks/projected_gradient_descent.py
CleverHans,Tool,Fast Gradient Method,arxiv,1412.6572,cleverhans/jax/attacks/fast_gradient_method.py
CleverHans,Tool,Fast Gradient Method,arxiv,1611.01236,cleverhans/jax/attacks/fast_gradient_method.py
IBM ART,Tool,Attack,author_citation,"Authors, 2018",art/attacks/attack.py
IBM ART,Tool,Newtonfool,author_citation,"Authors, 2018",art/attacks/evasion/newtonfool.py
IBM ART,Tool,Carlini,arxiv,1608.04644,art/attacks/evasion/carlini.py
IBM ART,Tool,Carlini,arxiv,1608.04644,art/attacks/evasion/carlini.py
IBM ART,Tool,Carlini,arxiv,1608.04644,art/attacks/evasion/carlini.py
IBM ART,Tool,Carlini,author_citation,"Authors, 2018",art/attacks/evasion/carlini.py
IBM ART,Tool,Carlini,author_citation,"Carlini and Wagner, 2016",art/attacks/evasion/carlini.py
IBM ART,Tool,Auto Conjugate Gradient,arxiv,2206.09628,art/attacks/evasion/auto_conjugate_gradient.py
IBM ART,Tool,Auto Conjugate Gradient,arxiv,2206.09628,art/attacks/evasion/auto_conjugate_gradient.py
IBM ART,Tool,Auto Conjugate Gradient,arxiv,1611.01236,art/attacks/evasion/auto_conjugate_gradient.py
IBM ART,Tool,Auto Conjugate Gradient,author_citation,"Authors, 2020",art/attacks/evasion/auto_conjugate_gradient.py
IBM ART,Tool,Boundary,arxiv,1712.04248,art/attacks/evasion/boundary.py
IBM ART,Tool,Boundary,arxiv,1712.04248,art/attacks/evasion/boundary.py
IBM ART,Tool,Boundary,author_citation,"Authors, 2019",art/attacks/evasion/boundary.py
IBM ART,Tool,Elastic Net,arxiv,1709.04114,art/attacks/evasion/elastic_net.py
IBM ART,Tool,Elastic Net,arxiv,1709.04114,art/attacks/evasion/elastic_net.py
IBM ART,Tool,Elastic Net,author_citation,"Authors, 2018",art/attacks/evasion/elastic_net.py
IBM ART,Tool,Dpatch,arxiv,1806.02299,art/attacks/evasion/dpatch.py
IBM ART,Tool,Dpatch,arxiv,1806.02299,art/attacks/evasion/dpatch.py
IBM ART,Tool,Dpatch,author_citation,"Authors, 2020",art/attacks/evasion/dpatch.py
IBM ART,Tool,Adversarial Asr,arxiv,1801.01944,art/attacks/evasion/adversarial_asr.py
IBM ART,Tool,Adversarial Asr,arxiv,1801.01944,art/attacks/evasion/adversarial_asr.py
IBM ART,Tool,Adversarial Asr,author_citation,"Authors, 2020",art/attacks/evasion/adversarial_asr.py
IBM ART,Tool,Sign Opt,author_citation,"Authors, 2022",art/attacks/evasion/sign_opt.py
IBM ART,Tool,Sign Opt,author_citation,"recommended, 5000",art/attacks/evasion/sign_opt.py
IBM ART,Tool,Sign Opt,author_citation,"recommended, 4000",art/attacks/evasion/sign_opt.py
IBM ART,Tool,Sign Opt,author_citation,"Chen and Zhang, 2019",art/attacks/evasion/sign_opt.py
IBM ART,Tool,Deepfool,arxiv,1511.04599,art/attacks/evasion/deepfool.py
IBM ART,Tool,Deepfool,arxiv,1511.04599,art/attacks/evasion/deepfool.py
IBM ART,Tool,Deepfool,author_citation,"Authors, 2018",art/attacks/evasion/deepfool.py
IBM ART,Tool,Iterative Method,arxiv,1607.02533,art/attacks/evasion/iterative_method.py
IBM ART,Tool,Iterative Method,arxiv,1607.02533,art/attacks/evasion/iterative_method.py
IBM ART,Tool,Iterative Method,author_citation,"Authors, 2018",art/attacks/evasion/iterative_method.py
IBM ART,Tool,Pixel Threshold,arxiv,1906.06026,art/attacks/evasion/pixel_threshold.py
IBM ART,Tool,Pixel Threshold,arxiv,1710.08864,art/attacks/evasion/pixel_threshold.py
IBM ART,Tool,Pixel Threshold,arxiv,1906.06026,art/attacks/evasion/pixel_threshold.py
IBM ART,Tool,Pixel Threshold,arxiv,1611.01236,art/attacks/evasion/pixel_threshold.py
IBM ART,Tool,Pixel Threshold,arxiv,1710.08864,art/attacks/evasion/pixel_threshold.py
IBM ART,Tool,Pixel Threshold,arxiv,1906.06026,art/attacks/evasion/pixel_threshold.py
IBM ART,Tool,Pixel Threshold,arxiv,1906.06026,art/attacks/evasion/pixel_threshold.py
IBM ART,Tool,Pixel Threshold,author_citation,"Authors, 2020",art/attacks/evasion/pixel_threshold.py
IBM ART,Tool,Pixel Threshold,author_citation,"Kondratyuk, 2018",art/attacks/evasion/pixel_threshold.py
IBM ART,Tool,Pixel Threshold,author_citation,"Nelson, 2014",art/attacks/evasion/pixel_threshold.py
IBM ART,Tool,Pixel Threshold,author_citation,"June, 2000",art/attacks/evasion/pixel_threshold.py
IBM ART,Tool,Pixel Threshold,author_citation,"Copyright, 1984",art/attacks/evasion/pixel_threshold.py
IBM ART,Tool,Pixel Threshold,author_citation,"Optimization, 1997",art/attacks/evasion/pixel_threshold.py
IBM ART,Tool,Saliency Map,arxiv,1511.07528,art/attacks/evasion/saliency_map.py
IBM ART,Tool,Saliency Map,arxiv,1511.07528,art/attacks/evasion/saliency_map.py
IBM ART,Tool,Saliency Map,author_citation,"Authors, 2018",art/attacks/evasion/saliency_map.py
IBM ART,Tool,Saliency Map,author_citation,"Papernot et al., 2016",art/attacks/evasion/saliency_map.py
IBM ART,Tool,Targeted Universal Perturbation,arxiv,1911.06502,art/attacks/evasion/targeted_universal_perturbation.py
IBM ART,Tool,Targeted Universal Perturbation,arxiv,1911.06502,art/attacks/evasion/targeted_universal_perturbation.py
IBM ART,Tool,Targeted Universal Perturbation,author_citation,"Authors, 2020",art/attacks/evasion/targeted_universal_perturbation.py
IBM ART,Tool,Auto Projected Gradient Descent,arxiv,2003.01690,art/attacks/evasion/auto_projected_gradient_descent.py
IBM ART,Tool,Auto Projected Gradient Descent,arxiv,2003.01690,art/attacks/evasion/auto_projected_gradient_descent.py
IBM ART,Tool,Auto Projected Gradient Descent,arxiv,1611.01236,art/attacks/evasion/auto_projected_gradient_descent.py
IBM ART,Tool,Auto Projected Gradient Descent,author_citation,"Authors, 2020",art/attacks/evasion/auto_projected_gradient_descent.py
IBM ART,Tool,Frame Saliency,arxiv,1811.11875,art/attacks/evasion/frame_saliency.py
IBM ART,Tool,Frame Saliency,arxiv,1811.11875,art/attacks/evasion/frame_saliency.py
IBM ART,Tool,Frame Saliency,author_citation,"Authors, 2020",art/attacks/evasion/frame_saliency.py
IBM ART,Tool,Brendel Bethge,arxiv,1907.01003,art/attacks/evasion/brendel_bethge.py
IBM ART,Tool,Brendel Bethge,author_citation,"Authors, 2020",art/attacks/evasion/brendel_bethge.py
IBM ART,Tool,Pe Malware Attack,arxiv,1810.08280,art/attacks/evasion/pe_malware_attack.py
IBM ART,Tool,Pe Malware Attack,arxiv,2008.07125,art/attacks/evasion/pe_malware_attack.py
IBM ART,Tool,Pe Malware Attack,arxiv,1810.08280,art/attacks/evasion/pe_malware_attack.py
IBM ART,Tool,Pe Malware Attack,arxiv,1901.03583,art/attacks/evasion/pe_malware_attack.py
IBM ART,Tool,Pe Malware Attack,arxiv,1810.08280,art/attacks/evasion/pe_malware_attack.py
IBM ART,Tool,Pe Malware Attack,arxiv,2008.07125,art/attacks/evasion/pe_malware_attack.py
IBM ART,Tool,Pe Malware Attack,arxiv,1810.08280,art/attacks/evasion/pe_malware_attack.py
IBM ART,Tool,Pe Malware Attack,arxiv,1901.03583,art/attacks/evasion/pe_malware_attack.py
IBM ART,Tool,Pe Malware Attack,author_citation,"Authors, 2021",art/attacks/evasion/pe_malware_attack.py
IBM ART,Tool,Virtual Adversarial,arxiv,1507.00677,art/attacks/evasion/virtual_adversarial.py
IBM ART,Tool,Virtual Adversarial,arxiv,1507.00677,art/attacks/evasion/virtual_adversarial.py
IBM ART,Tool,Virtual Adversarial,author_citation,"Authors, 2018",art/attacks/evasion/virtual_adversarial.py
IBM ART,Tool,Universal Perturbation,arxiv,1610.08401,art/attacks/evasion/universal_perturbation.py
IBM ART,Tool,Universal Perturbation,arxiv,1610.08401,art/attacks/evasion/universal_perturbation.py
IBM ART,Tool,Universal Perturbation,author_citation,"Authors, 2018",art/attacks/evasion/universal_perturbation.py
IBM ART,Tool,Zoo,arxiv,1708.03999,art/attacks/evasion/zoo.py
IBM ART,Tool,Zoo,arxiv,1708.03999,art/attacks/evasion/zoo.py
IBM ART,Tool,Zoo,author_citation,"Authors, 2018",art/attacks/evasion/zoo.py
IBM ART,Tool,Spatial Transformation,arxiv,1712.02779,art/attacks/evasion/spatial_transformation.py
IBM ART,Tool,Spatial Transformation,arxiv,1712.02779,art/attacks/evasion/spatial_transformation.py
IBM ART,Tool,Spatial Transformation,author_citation,"Authors, 2018",art/attacks/evasion/spatial_transformation.py
IBM ART,Tool,Momentum Iterative Method,arxiv,1710.06081,art/attacks/evasion/momentum_iterative_method.py
IBM ART,Tool,Momentum Iterative Method,arxiv,1710.06081,art/attacks/evasion/momentum_iterative_method.py
IBM ART,Tool,Momentum Iterative Method,author_citation,"Authors, 2022",art/attacks/evasion/momentum_iterative_method.py
IBM ART,Tool,Square Attack,arxiv,1912.00049,art/attacks/evasion/square_attack.py
IBM ART,Tool,Square Attack,arxiv,1912.00049,art/attacks/evasion/square_attack.py
IBM ART,Tool,Square Attack,arxiv,1611.01236,art/attacks/evasion/square_attack.py
IBM ART,Tool,Square Attack,author_citation,"Authors, 2020",art/attacks/evasion/square_attack.py
IBM ART,Tool,Wasserstein,arxiv,1902.07906,art/attacks/evasion/wasserstein.py
IBM ART,Tool,Wasserstein,arxiv,1902.07906,art/attacks/evasion/wasserstein.py
IBM ART,Tool,Wasserstein,arxiv,1611.01236,art/attacks/evasion/wasserstein.py
IBM ART,Tool,Wasserstein,arxiv,1611.01236,art/attacks/evasion/wasserstein.py
IBM ART,Tool,Wasserstein,arxiv,1611.01236,art/attacks/evasion/wasserstein.py
IBM ART,Tool,Wasserstein,arxiv,1902.07906,art/attacks/evasion/wasserstein.py
IBM ART,Tool,Wasserstein,author_citation,"Authors, 2020",art/attacks/evasion/wasserstein.py
IBM ART,Tool,Auto Attack,arxiv,2003.01690,art/attacks/evasion/auto_attack.py
IBM ART,Tool,Auto Attack,arxiv,2003.01690,art/attacks/evasion/auto_attack.py
IBM ART,Tool,Auto Attack,arxiv,1611.01236,art/attacks/evasion/auto_attack.py
IBM ART,Tool,Auto Attack,author_citation,"Authors, 2020",art/attacks/evasion/auto_attack.py
IBM ART,Tool,Hop Skip Jump,arxiv,1904.02144,art/attacks/evasion/hop_skip_jump.py
IBM ART,Tool,Hop Skip Jump,arxiv,1904.02144,art/attacks/evasion/hop_skip_jump.py
IBM ART,Tool,Hop Skip Jump,author_citation,"Authors, 2019",art/attacks/evasion/hop_skip_jump.py
IBM ART,Tool,Hclu,arxiv,1812.02606,art/attacks/evasion/hclu.py
IBM ART,Tool,Hclu,arxiv,1812.02606,art/attacks/evasion/hclu.py
IBM ART,Tool,Hclu,author_citation,"Authors, 2019",art/attacks/evasion/hclu.py
IBM ART,Tool,Lowprofool,arxiv,1911.03274,art/attacks/evasion/lowprofool.py
IBM ART,Tool,Lowprofool,arxiv,1911.03274,art/attacks/evasion/lowprofool.py
IBM ART,Tool,Lowprofool,author_citation,"Authors, 2021",art/attacks/evasion/lowprofool.py
IBM ART,Tool,Shadow Attack,arxiv,2003.08937,art/attacks/evasion/shadow_attack.py
IBM ART,Tool,Shadow Attack,arxiv,2003.08937,art/attacks/evasion/shadow_attack.py
IBM ART,Tool,Shadow Attack,author_citation,"Authors, 2020",art/attacks/evasion/shadow_attack.py
IBM ART,Tool,Fast Gradient,arxiv,1412.6572,art/attacks/evasion/fast_gradient.py
IBM ART,Tool,Fast Gradient,arxiv,1412.6572,art/attacks/evasion/fast_gradient.py
IBM ART,Tool,Fast Gradient,arxiv,1611.01236,art/attacks/evasion/fast_gradient.py
IBM ART,Tool,Fast Gradient,author_citation,"Authors, 2018",art/attacks/evasion/fast_gradient.py
IBM ART,Tool,Simba,arxiv,1905.07121,art/attacks/evasion/simba.py
IBM ART,Tool,Simba,arxiv,1905.07121,art/attacks/evasion/simba.py
IBM ART,Tool,Simba,author_citation,"Authors, 2020",art/attacks/evasion/simba.py
IBM ART,Tool,Rescaling Auto Conjugate Gradient,arxiv,2408.03972,art/attacks/evasion/rescaling_auto_conjugate_gradient.py
IBM ART,Tool,Rescaling Auto Conjugate Gradient,arxiv,1611.01236,art/attacks/evasion/rescaling_auto_conjugate_gradient.py
IBM ART,Tool,Rescaling Auto Conjugate Gradient,author_citation,"Authors, 2024",art/attacks/evasion/rescaling_auto_conjugate_gradient.py
IBM ART,Tool,Composite Adversarial Attack,arxiv,2202.04235,art/attacks/evasion/composite_adversarial_attack.py
IBM ART,Tool,Composite Adversarial Attack,arxiv,2202.04235,art/attacks/evasion/composite_adversarial_attack.py
IBM ART,Tool,Composite Adversarial Attack,author_citation,"Authors, 2023",art/attacks/evasion/composite_adversarial_attack.py
IBM ART,Tool,Decision Tree Attack,arxiv,1605.07277,art/attacks/evasion/decision_tree_attack.py
IBM ART,Tool,Decision Tree Attack,author_citation,"Authors, 2018",art/attacks/evasion/decision_tree_attack.py
IBM ART,Tool,Dpatch Robust,arxiv,1806.02299,art/attacks/evasion/dpatch_robust.py
IBM ART,Tool,Dpatch Robust,arxiv,1906.11897,art/attacks/evasion/dpatch_robust.py
IBM ART,Tool,Dpatch Robust,arxiv,1806.02299,art/attacks/evasion/dpatch_robust.py
IBM ART,Tool,Dpatch Robust,arxiv,1906.11897,art/attacks/evasion/dpatch_robust.py
IBM ART,Tool,Dpatch Robust,author_citation,"Authors, 2020",art/attacks/evasion/dpatch_robust.py
IBM ART,Tool,Adversarial Texture Pytorch,arxiv,1904.11042,art/attacks/evasion/adversarial_texture/adversarial_texture_pytorch.py
IBM ART,Tool,Adversarial Texture Pytorch,arxiv,1904.11042,art/attacks/evasion/adversarial_texture/adversarial_texture_pytorch.py
IBM ART,Tool,Adversarial Texture Pytorch,author_citation,"Authors, 2021",art/attacks/evasion/adversarial_texture/adversarial_texture_pytorch.py
IBM ART,Tool,Steal Now Attack Later,arxiv,2304.05370,art/attacks/evasion/steal_now_attack_later/steal_now_attack_later.py
IBM ART,Tool,Steal Now Attack Later,arxiv,2404.15881,art/attacks/evasion/steal_now_attack_later/steal_now_attack_later.py
IBM ART,Tool,Steal Now Attack Later,author_citation,"Authors, 2024",art/attacks/evasion/steal_now_attack_later/steal_now_attack_later.py
IBM ART,Tool,Drop Block2D,author_citation,"Chintala, 2016",art/attacks/evasion/steal_now_attack_later/drop_block2d.py
IBM ART,Tool,Bbox Ioa,author_citation,"November, 2007",art/attacks/evasion/steal_now_attack_later/bbox_ioa.py
IBM ART,Tool,Bbox Ioa,author_citation,"December, 1996",art/attacks/evasion/steal_now_attack_later/bbox_ioa.py
IBM ART,Tool,Bbox Ioa,author_citation,"March, 2007",art/attacks/evasion/steal_now_attack_later/bbox_ioa.py
IBM ART,Tool,Feature Adversaries Pytorch,arxiv,1511.05122,art/attacks/evasion/feature_adversaries/feature_adversaries_pytorch.py
IBM ART,Tool,Feature Adversaries Pytorch,arxiv,1511.05122,art/attacks/evasion/feature_adversaries/feature_adversaries_pytorch.py
IBM ART,Tool,Feature Adversaries Pytorch,author_citation,"Authors, 2021",art/attacks/evasion/feature_adversaries/feature_adversaries_pytorch.py
IBM ART,Tool,Feature Adversaries Numpy,arxiv,1511.05122,art/attacks/evasion/feature_adversaries/feature_adversaries_numpy.py
IBM ART,Tool,Feature Adversaries Numpy,arxiv,1511.05122,art/attacks/evasion/feature_adversaries/feature_adversaries_numpy.py
IBM ART,Tool,Feature Adversaries Numpy,author_citation,"Authors, 2020",art/attacks/evasion/feature_adversaries/feature_adversaries_numpy.py
IBM ART,Tool,Feature Adversaries Tensorflow,arxiv,1511.05122,art/attacks/evasion/feature_adversaries/feature_adversaries_tensorflow.py
IBM ART,Tool,Feature Adversaries Tensorflow,arxiv,1511.05122,art/attacks/evasion/feature_adversaries/feature_adversaries_tensorflow.py
IBM ART,Tool,Feature Adversaries Tensorflow,author_citation,"Authors, 2021",art/attacks/evasion/feature_adversaries/feature_adversaries_tensorflow.py
IBM ART,Tool,Imperceptible Asr,arxiv,1801.01944,art/attacks/evasion/imperceptible_asr/imperceptible_asr.py
IBM ART,Tool,Imperceptible Asr,author_citation,"Authors, 2020",art/attacks/evasion/imperceptible_asr/imperceptible_asr.py
IBM ART,Tool,Imperceptible Asr Pytorch,arxiv,1903.10346,art/attacks/evasion/imperceptible_asr/imperceptible_asr_pytorch.py
IBM ART,Tool,Imperceptible Asr Pytorch,arxiv,1903.10346,art/attacks/evasion/imperceptible_asr/imperceptible_asr_pytorch.py
IBM ART,Tool,Imperceptible Asr Pytorch,author_citation,"Authors, 2020",art/attacks/evasion/imperceptible_asr/imperceptible_asr_pytorch.py
IBM ART,Tool,Over The Air Flickering Pytorch,arxiv,2002.05123,art/attacks/evasion/over_the_air_flickering/over_the_air_flickering_pytorch.py
IBM ART,Tool,Over The Air Flickering Pytorch,arxiv,2002.05123,art/attacks/evasion/over_the_air_flickering/over_the_air_flickering_pytorch.py
IBM ART,Tool,Over The Air Flickering Pytorch,author_citation,"Authors, 2021",art/attacks/evasion/over_the_air_flickering/over_the_air_flickering_pytorch.py
IBM ART,Tool,Algorithms,arxiv,2103.06504,art/attacks/evasion/laser_attack/algorithms.py
IBM ART,Tool,Algorithms,author_citation,"Authors, 2021",art/attacks/evasion/laser_attack/algorithms.py
IBM ART,Tool,Laser Attack,arxiv,2103.06504,art/attacks/evasion/laser_attack/laser_attack.py
IBM ART,Tool,Laser Attack,arxiv,2103.06504,art/attacks/evasion/laser_attack/laser_attack.py
IBM ART,Tool,Laser Attack,author_citation,"Authors, 2021",art/attacks/evasion/laser_attack/laser_attack.py
IBM ART,Tool,Projected Gradient Descent Tensorflow V2,arxiv,1706.06083,art/attacks/evasion/projected_gradient_descent/projected_gradient_descent_tensorflow_v2.py
IBM ART,Tool,Projected Gradient Descent Tensorflow V2,arxiv,1706.06083,art/attacks/evasion/projected_gradient_descent/projected_gradient_descent_tensorflow_v2.py
IBM ART,Tool,Projected Gradient Descent Tensorflow V2,arxiv,1611.01236,art/attacks/evasion/projected_gradient_descent/projected_gradient_descent_tensorflow_v2.py
IBM ART,Tool,Projected Gradient Descent Tensorflow V2,arxiv,1611.01236,art/attacks/evasion/projected_gradient_descent/projected_gradient_descent_tensorflow_v2.py
IBM ART,Tool,Projected Gradient Descent Tensorflow V2,arxiv,1611.01236,art/attacks/evasion/projected_gradient_descent/projected_gradient_descent_tensorflow_v2.py
IBM ART,Tool,Projected Gradient Descent Tensorflow V2,author_citation,"Authors, 2020",art/attacks/evasion/projected_gradient_descent/projected_gradient_descent_tensorflow_v2.py
IBM ART,Tool,Projected Gradient Descent Pytorch,arxiv,1706.06083,art/attacks/evasion/projected_gradient_descent/projected_gradient_descent_pytorch.py
IBM ART,Tool,Projected Gradient Descent Pytorch,arxiv,1706.06083,art/attacks/evasion/projected_gradient_descent/projected_gradient_descent_pytorch.py
IBM ART,Tool,Projected Gradient Descent Pytorch,arxiv,1611.01236,art/attacks/evasion/projected_gradient_descent/projected_gradient_descent_pytorch.py
IBM ART,Tool,Projected Gradient Descent Pytorch,arxiv,1611.01236,art/attacks/evasion/projected_gradient_descent/projected_gradient_descent_pytorch.py
IBM ART,Tool,Projected Gradient Descent Pytorch,arxiv,1611.01236,art/attacks/evasion/projected_gradient_descent/projected_gradient_descent_pytorch.py
IBM ART,Tool,Projected Gradient Descent Pytorch,author_citation,"Authors, 2020",art/attacks/evasion/projected_gradient_descent/projected_gradient_descent_pytorch.py
IBM ART,Tool,Projected Gradient Descent,arxiv,1706.06083,art/attacks/evasion/projected_gradient_descent/projected_gradient_descent.py
IBM ART,Tool,Projected Gradient Descent,arxiv,1706.06083,art/attacks/evasion/projected_gradient_descent/projected_gradient_descent.py
IBM ART,Tool,Projected Gradient Descent,arxiv,1611.01236,art/attacks/evasion/projected_gradient_descent/projected_gradient_descent.py
IBM ART,Tool,Projected Gradient Descent,author_citation,"Authors, 2020",art/attacks/evasion/projected_gradient_descent/projected_gradient_descent.py
IBM ART,Tool,Projected Gradient Descent Numpy,arxiv,1706.06083,art/attacks/evasion/projected_gradient_descent/projected_gradient_descent_numpy.py
IBM ART,Tool,Projected Gradient Descent Numpy,arxiv,1706.06083,art/attacks/evasion/projected_gradient_descent/projected_gradient_descent_numpy.py
IBM ART,Tool,Projected Gradient Descent Numpy,arxiv,1611.01236,art/attacks/evasion/projected_gradient_descent/projected_gradient_descent_numpy.py
IBM ART,Tool,Projected Gradient Descent Numpy,arxiv,1706.06083,art/attacks/evasion/projected_gradient_descent/projected_gradient_descent_numpy.py
IBM ART,Tool,Projected Gradient Descent Numpy,arxiv,1611.01236,art/attacks/evasion/projected_gradient_descent/projected_gradient_descent_numpy.py
IBM ART,Tool,Projected Gradient Descent Numpy,author_citation,"Authors, 2020",art/attacks/evasion/projected_gradient_descent/projected_gradient_descent_numpy.py
IBM ART,Tool,Graphite Whitebox Pytorch,arxiv,2002.07088,art/attacks/evasion/graphite/graphite_whitebox_pytorch.py
IBM ART,Tool,Graphite Whitebox Pytorch,arxiv,2002.07088,art/attacks/evasion/graphite/graphite_whitebox_pytorch.py
IBM ART,Tool,Graphite Whitebox Pytorch,author_citation,"Authors, 2022",art/attacks/evasion/graphite/graphite_whitebox_pytorch.py
IBM ART,Tool,Graphite Blackbox,arxiv,2002.07088,art/attacks/evasion/graphite/graphite_blackbox.py
IBM ART,Tool,Graphite Blackbox,arxiv,2002.07088,art/attacks/evasion/graphite/graphite_blackbox.py
IBM ART,Tool,Graphite Blackbox,author_citation,"Authors, 2022",art/attacks/evasion/graphite/graphite_blackbox.py
IBM ART,Tool,Adversarial Patch,arxiv,1712.09665,art/attacks/evasion/adversarial_patch/adversarial_patch.py
IBM ART,Tool,Adversarial Patch,arxiv,1712.09665,art/attacks/evasion/adversarial_patch/adversarial_patch.py
IBM ART,Tool,Adversarial Patch,author_citation,"Authors, 2020",art/attacks/evasion/adversarial_patch/adversarial_patch.py
IBM ART,Tool,Adversarial Patch Numpy,arxiv,1712.09665,art/attacks/evasion/adversarial_patch/adversarial_patch_numpy.py
IBM ART,Tool,Adversarial Patch Numpy,arxiv,1712.09665,art/attacks/evasion/adversarial_patch/adversarial_patch_numpy.py
IBM ART,Tool,Adversarial Patch Numpy,author_citation,"Authors, 2018",art/attacks/evasion/adversarial_patch/adversarial_patch_numpy.py
IBM ART,Tool,Adversarial Patch Tensorflow,arxiv,1712.09665,art/attacks/evasion/adversarial_patch/adversarial_patch_tensorflow.py
IBM ART,Tool,Adversarial Patch Tensorflow,arxiv,1712.09665,art/attacks/evasion/adversarial_patch/adversarial_patch_tensorflow.py
IBM ART,Tool,Adversarial Patch Tensorflow,author_citation,"Authors, 2020",art/attacks/evasion/adversarial_patch/adversarial_patch_tensorflow.py
IBM ART,Tool,Adversarial Patch Pytorch,arxiv,1712.09665,art/attacks/evasion/adversarial_patch/adversarial_patch_pytorch.py
IBM ART,Tool,Adversarial Patch Pytorch,arxiv,1712.09665,art/attacks/evasion/adversarial_patch/adversarial_patch_pytorch.py
IBM ART,Tool,Adversarial Patch Pytorch,author_citation,"Authors, 2021",art/attacks/evasion/adversarial_patch/adversarial_patch_pytorch.py
IBM ART,Tool,Box Iou,author_citation,"Authors, 2025",art/attacks/evasion/overload/box_iou.py
IBM ART,Tool,Overload,arxiv,2304.05370,art/attacks/evasion/overload/overload.py
IBM ART,Tool,Overload,arxiv,2304.05370,art/attacks/evasion/overload/overload.py
IBM ART,Tool,Overload,author_citation,"Authors, 2024",art/attacks/evasion/overload/overload.py
IBM ART,Tool,Adversarial Embedding Attack,arxiv,1905.13409,art/attacks/poisoning/adversarial_embedding_attack.py
IBM ART,Tool,Adversarial Embedding Attack,author_citation,"Authors, 2020",art/attacks/poisoning/adversarial_embedding_attack.py
IBM ART,Tool,Sleeper Agent Attack,arxiv,2106.08970,art/attacks/poisoning/sleeper_agent_attack.py
IBM ART,Tool,Sleeper Agent Attack,author_citation,"Authors, 2022",art/attacks/poisoning/sleeper_agent_attack.py
IBM ART,Tool,Feature Collision Attack,arxiv,1804.00792,art/attacks/poisoning/feature_collision_attack.py
IBM ART,Tool,Feature Collision Attack,author_citation,"Authors, 2020",art/attacks/poisoning/feature_collision_attack.py
IBM ART,Tool,Feature Collision Attack,author_citation,"to, 2048",art/attacks/poisoning/feature_collision_attack.py
IBM ART,Tool,Bullseye Polytope Attack,arxiv,2005.00191,art/attacks/poisoning/bullseye_polytope_attack.py
IBM ART,Tool,Bullseye Polytope Attack,author_citation,"Authors, 2021",art/attacks/poisoning/bullseye_polytope_attack.py
IBM ART,Tool,Clean Label Backdoor Attack,author_citation,"Authors, 2020",art/attacks/poisoning/clean_label_backdoor_attack.py
IBM ART,Tool,Clean Label Backdoor Attack,author_citation,"Turner et al., 2018",art/attacks/poisoning/clean_label_backdoor_attack.py
IBM ART,Tool,Gradient Matching Attack,arxiv,2009.02276,art/attacks/poisoning/gradient_matching_attack.py
IBM ART,Tool,Gradient Matching Attack,arxiv,2009.02276,art/attacks/poisoning/gradient_matching_attack.py
IBM ART,Tool,Gradient Matching Attack,author_citation,"Authors, 2022",art/attacks/poisoning/gradient_matching_attack.py
IBM ART,Tool,Poisoning Attack Svm,author_citation,"Authors, 2019",art/attacks/poisoning/poisoning_attack_svm.py
IBM ART,Tool,Backdoor Attack,arxiv,1708.06733,art/attacks/poisoning/backdoor_attack.py
IBM ART,Tool,Backdoor Attack,author_citation,"Authors, 2020",art/attacks/poisoning/backdoor_attack.py
IBM ART,Tool,Backdoor Attack,author_citation,"Gu et al., 2017",art/attacks/poisoning/backdoor_attack.py
IBM ART,Tool,Bad Det Oda,arxiv,2205.14497,art/attacks/poisoning/bad_det/bad_det_oda.py
IBM ART,Tool,Bad Det Oda,arxiv,2205.14497,art/attacks/poisoning/bad_det/bad_det_oda.py
IBM ART,Tool,Bad Det Oda,author_citation,"Authors, 2023",art/attacks/poisoning/bad_det/bad_det_oda.py
IBM ART,Tool,Bad Det Oga,arxiv,2205.14497,art/attacks/poisoning/bad_det/bad_det_oga.py
IBM ART,Tool,Bad Det Oga,arxiv,2205.14497,art/attacks/poisoning/bad_det/bad_det_oga.py
IBM ART,Tool,Bad Det Oga,author_citation,"Authors, 2023",art/attacks/poisoning/bad_det/bad_det_oga.py
IBM ART,Tool,Bad Det Gma,arxiv,2205.14497,art/attacks/poisoning/bad_det/bad_det_gma.py
IBM ART,Tool,Bad Det Gma,arxiv,2205.14497,art/attacks/poisoning/bad_det/bad_det_gma.py
IBM ART,Tool,Bad Det Gma,author_citation,"Authors, 2023",art/attacks/poisoning/bad_det/bad_det_gma.py
IBM ART,Tool,Bad Det Rma,arxiv,2205.14497,art/attacks/poisoning/bad_det/bad_det_rma.py
IBM ART,Tool,Bad Det Rma,arxiv,2205.14497,art/attacks/poisoning/bad_det/bad_det_rma.py
IBM ART,Tool,Bad Det Rma,author_citation,"Authors, 2023",art/attacks/poisoning/bad_det/bad_det_rma.py
IBM ART,Tool,Backdoor Attack Dgm Trail,arxiv,2108.01644,art/attacks/poisoning/backdoor_attack_dgm/backdoor_attack_dgm_trail.py
IBM ART,Tool,Backdoor Attack Dgm Trail,author_citation,"Authors, 2022",art/attacks/poisoning/backdoor_attack_dgm/backdoor_attack_dgm_trail.py
IBM ART,Tool,Backdoor Attack Dgm Red,arxiv,2108.01644,art/attacks/poisoning/backdoor_attack_dgm/backdoor_attack_dgm_red.py
IBM ART,Tool,Backdoor Attack Dgm Red,author_citation,"Authors, 2022",art/attacks/poisoning/backdoor_attack_dgm/backdoor_attack_dgm_red.py
IBM ART,Tool,Loss Meter,author_citation,"Authors, 2022",art/attacks/poisoning/hidden_trigger_backdoor/loss_meter.py
IBM ART,Tool,Hidden Trigger Backdoor,arxiv,1910.00033,art/attacks/poisoning/hidden_trigger_backdoor/hidden_trigger_backdoor.py
IBM ART,Tool,Hidden Trigger Backdoor,arxiv,1910.00033,art/attacks/poisoning/hidden_trigger_backdoor/hidden_trigger_backdoor.py
IBM ART,Tool,Hidden Trigger Backdoor,author_citation,"Authors, 2022",art/attacks/poisoning/hidden_trigger_backdoor/hidden_trigger_backdoor.py
IBM ART,Tool,Hidden Trigger Backdoor,author_citation,"Saha et al, 2019",art/attacks/poisoning/hidden_trigger_backdoor/hidden_trigger_backdoor.py
IBM ART,Tool,Hidden Trigger Backdoor Pytorch,arxiv,1910.00033,art/attacks/poisoning/hidden_trigger_backdoor/hidden_trigger_backdoor_pytorch.py
IBM ART,Tool,Hidden Trigger Backdoor Pytorch,arxiv,1910.00033,art/attacks/poisoning/hidden_trigger_backdoor/hidden_trigger_backdoor_pytorch.py
IBM ART,Tool,Hidden Trigger Backdoor Pytorch,author_citation,"Authors, 2022",art/attacks/poisoning/hidden_trigger_backdoor/hidden_trigger_backdoor_pytorch.py
IBM ART,Tool,Hidden Trigger Backdoor Pytorch,author_citation,"Saha et al, 2019",art/attacks/poisoning/hidden_trigger_backdoor/hidden_trigger_backdoor_pytorch.py
IBM ART,Tool,Hidden Trigger Backdoor Keras,arxiv,1910.00033,art/attacks/poisoning/hidden_trigger_backdoor/hidden_trigger_backdoor_keras.py
IBM ART,Tool,Hidden Trigger Backdoor Keras,arxiv,1910.00033,art/attacks/poisoning/hidden_trigger_backdoor/hidden_trigger_backdoor_keras.py
IBM ART,Tool,Hidden Trigger Backdoor Keras,author_citation,"Authors, 2022",art/attacks/poisoning/hidden_trigger_backdoor/hidden_trigger_backdoor_keras.py
IBM ART,Tool,Audio Perturbations,author_citation,"Authors, 2022",art/attacks/poisoning/perturbations/audio_perturbations.py
IBM ART,Tool,Image Perturbations,author_citation,"Authors, 2020",art/attacks/poisoning/perturbations/image_perturbations.py
IBM ART,Tool,Mi Face,author_citation,"Authors, 2020",art/attacks/inference/model_inversion/mi_face.py
IBM ART,Tool,White Box Lifestyle Decision Tree,author_citation,"Authors, 2020",art/attacks/inference/attribute_inference/white_box_lifestyle_decision_tree.py
IBM ART,Tool,Black Box,author_citation,"Authors, 2020",art/attacks/inference/attribute_inference/black_box.py
IBM ART,Tool,White Box Decision Tree,author_citation,"Authors, 2020",art/attacks/inference/attribute_inference/white_box_decision_tree.py
IBM ART,Tool,Black Box,author_citation,"Authors, 2020",art/attacks/inference/membership_inference/black_box.py
IBM ART,Tool,Shadow Models,arxiv,1610.05820,art/attacks/inference/membership_inference/shadow_models.py
IBM ART,Tool,Shadow Models,arxiv,1610.05820,art/attacks/inference/membership_inference/shadow_models.py
IBM ART,Tool,Shadow Models,author_citation,"Authors, 2021",art/attacks/inference/membership_inference/shadow_models.py
IBM ART,Tool,Label Only Gap Attack,arxiv,2007.14321,art/attacks/inference/membership_inference/label_only_gap_attack.py
IBM ART,Tool,Label Only Gap Attack,author_citation,"Authors, 2020",art/attacks/inference/membership_inference/label_only_gap_attack.py
IBM ART,Tool,Label Only Boundary Distance,arxiv,2007.14321,art/attacks/inference/membership_inference/label_only_boundary_distance.py
IBM ART,Tool,Label Only Boundary Distance,arxiv,2007.15528,art/attacks/inference/membership_inference/label_only_boundary_distance.py
IBM ART,Tool,Label Only Boundary Distance,arxiv,2007.14321,art/attacks/inference/membership_inference/label_only_boundary_distance.py
IBM ART,Tool,Label Only Boundary Distance,arxiv,2007.15528,art/attacks/inference/membership_inference/label_only_boundary_distance.py
IBM ART,Tool,Label Only Boundary Distance,arxiv,2007.14321,art/attacks/inference/membership_inference/label_only_boundary_distance.py
IBM ART,Tool,Label Only Boundary Distance,arxiv,2007.15528,art/attacks/inference/membership_inference/label_only_boundary_distance.py
IBM ART,Tool,Label Only Boundary Distance,author_citation,"Authors, 2020",art/attacks/inference/membership_inference/label_only_boundary_distance.py
IBM ART,Tool,White Box,author_citation,"Authors, 2020",art/attacks/inference/reconstruction/white_box.py
IBM ART,Tool,Copycat Cnn,arxiv,1806.05476,art/attacks/extraction/copycat_cnn.py
IBM ART,Tool,Copycat Cnn,arxiv,1806.05476,art/attacks/extraction/copycat_cnn.py
IBM ART,Tool,Copycat Cnn,author_citation,"Authors, 2019",art/attacks/extraction/copycat_cnn.py
IBM ART,Tool,Knockoff Nets,arxiv,1812.02766,art/attacks/extraction/knockoff_nets.py
IBM ART,Tool,Knockoff Nets,arxiv,1812.02766,art/attacks/extraction/knockoff_nets.py
IBM ART,Tool,Knockoff Nets,author_citation,"Authors, 2020",art/attacks/extraction/knockoff_nets.py
IBM ART,Tool,Functionally Equivalent Extraction,arxiv,1909.01838,art/attacks/extraction/functionally_equivalent_extraction.py
IBM ART,Tool,Functionally Equivalent Extraction,arxiv,1909.01838,art/attacks/extraction/functionally_equivalent_extraction.py
IBM ART,Tool,Functionally Equivalent Extraction,author_citation,"Authors, 2019",art/attacks/extraction/functionally_equivalent_extraction.py
Foolbox,Tool,Inversion,arxiv,1607.02533,foolbox/attacks/inversion.py
Foolbox,Tool,Spatial Attack,arxiv,1712.02779,foolbox/attacks/spatial_attack.py
Foolbox,Tool,Deepfool,arxiv,1511.04599,foolbox/attacks/deepfool.py
Foolbox,Tool,Deepfool,arxiv,1511.04599,foolbox/attacks/deepfool.py
Foolbox,Tool,Deepfool,arxiv,1511.04599,foolbox/attacks/deepfool.py
Foolbox,Tool,Brendel Bethge,arxiv,1907.01003,foolbox/attacks/brendel_bethge.py
Foolbox,Tool,Additive Noise,arxiv,2007.07677,foolbox/attacks/additive_noise.py
Foolbox,Tool,Spatial Attack Transformations,arxiv,1506.02025,foolbox/attacks/spatial_attack_transformations.py
Foolbox,Tool,Spatial Attack Transformations,author_citation,"Jun, 2018",foolbox/attacks/spatial_attack_transformations.py
Foolbox,Tool,Sparse L1 Descent Attack,arxiv,1904.13000,foolbox/attacks/sparse_l1_descent_attack.py
Foolbox,Tool,Virtual Adversarial Attack,arxiv,1507.00677,foolbox/attacks/virtual_adversarial_attack.py
Foolbox,Tool,Hop Skip Jump,arxiv,1904.02144,foolbox/attacks/hop_skip_jump.py
Foolbox,Tool,Pointwise,arxiv,1805.09190,foolbox/attacks/pointwise.py
Foolbox,Tool,Ddn,arxiv,1811.09600,foolbox/attacks/ddn.py
Foolbox,Tool,Mi Fgsm,arxiv,1710.06081,foolbox/attacks/mi_fgsm.py
Foolbox,Tool,Carlini Wagner,arxiv,1608.04644,foolbox/attacks/carlini_wagner.py
Foolbox,Tool,Carlini Wagner,author_citation,"In, 2017",foolbox/attacks/carlini_wagner.py
Foolbox,Tool,Boundary Attack,arxiv,1712.04248,foolbox/attacks/boundary_attack.py
Foolbox,Tool,Gen Attack,arxiv,1805.11090,foolbox/attacks/gen_attack.py
Foolbox,Tool,Fast Minimum Norm,arxiv,2102.12827,foolbox/attacks/fast_minimum_norm.py
Foolbox,Tool,Fast Minimum Norm,arxiv,2102.12827,foolbox/attacks/fast_minimum_norm.py
Foolbox,Tool,Fast Minimum Norm,author_citation,"ICML, 2008",foolbox/attacks/fast_minimum_norm.py
TextAttack,Tool,Bert Attack Li 2020,arxiv,2004.09984,textattack/attack_recipes/bert_attack_li_2020.py
TextAttack,Tool,Bert Attack Li 2020,author_citation,"Jin et al., 2019",textattack/attack_recipes/bert_attack_li_2020.py
TextAttack,Tool,Bert Attack Li 2020,author_citation,"Cer et al., 2018",textattack/attack_recipes/bert_attack_li_2020.py
TextAttack,Tool,Pso Zang 2020,author_citation,"Eberhart and Kennedy, 1995",textattack/attack_recipes/pso_zang_2020.py
TextAttack,Tool,Textbugger Li 2018,arxiv,1812.05271,textattack/attack_recipes/textbugger_li_2018.py
TextAttack,Tool,Hotflip Ebrahimi 2017,arxiv,1712.06751,textattack/attack_recipes/hotflip_ebrahimi_2017.py
TextAttack,Tool,Pwws Ren 2019,author_citation,"Ren et al., 2019",textattack/attack_recipes/pwws_ren_2019.py
TextAttack,Tool,Deepwordbug Gao 2018,arxiv,1801.04354,textattack/attack_recipes/deepwordbug_gao_2018.py
TextAttack,Tool,Chinese Recipe,arxiv,2005.04118,textattack/attack_recipes/chinese_recipe.py
TextAttack,Tool,Chinese Recipe,author_citation,"Ribeiro et al., 2020",textattack/attack_recipes/chinese_recipe.py
TextAttack,Tool,Clare Li 2020,arxiv,2009.07502,textattack/attack_recipes/clare_li_2020.py
TextAttack,Tool,Clare Li 2020,author_citation,"Li et
    al., 2020",textattack/attack_recipes/clare_li_2020.py
TextAttack,Tool,Clare Li 2020,author_citation,"Sanh et al., 2019",textattack/attack_recipes/clare_li_2020.py
TextAttack,Tool,Clare Li 2020,author_citation,"Jin et al., 2020",textattack/attack_recipes/clare_li_2020.py
TextAttack,Tool,Seq2Sick Cheng 2018 Blackbox,arxiv,1803.01128,textattack/attack_recipes/seq2sick_cheng_2018_blackbox.py
TextAttack,Tool,Iga Wang 2019,arxiv,1909.06723,textattack/attack_recipes/iga_wang_2019.py
TextAttack,Tool,Bae Garg 2019,author_citation,"Ramakrishnan, 2019",textattack/attack_recipes/bae_garg_2019.py
TextAttack,Tool,Bae Garg 2019,author_citation,"Cer et al., 2018",textattack/attack_recipes/bae_garg_2019.py
TextAttack,Tool,Bae Garg 2019,author_citation,"Jin et al., 2019",textattack/attack_recipes/bae_garg_2019.py
TextAttack,Tool,Textfooler Jin 2019,arxiv,1907.11932,textattack/attack_recipes/textfooler_jin_2019.py
TextAttack,Tool,Bad Characters 2021,arxiv,2106.09898,textattack/attack_recipes/bad_characters_2021.py
TextAttack,Tool,Genetic Algorithm Alzantot 2018,arxiv,1804.07998,textattack/attack_recipes/genetic_algorithm_alzantot_2018.py
TextAttack,Tool,Checklist Ribeiro 2020,arxiv,2005.04118,textattack/attack_recipes/checklist_ribeiro_2020.py
TextAttack,Tool,Checklist Ribeiro 2020,author_citation,"Ribeiro et al., 2020",textattack/attack_recipes/checklist_ribeiro_2020.py
TextAttack,Tool,Pruthi 2019,arxiv,1905.11268,textattack/attack_recipes/pruthi_2019.py
TextAttack,Tool,Pruthi 2019,author_citation,"Pruthi et al., 2019",textattack/attack_recipes/pruthi_2019.py
TextAttack,Tool,Input Reduction Feng 2018,arxiv,1804.07781,textattack/attack_recipes/input_reduction_feng_2018.py
TextAttack,Tool,A2T Yoo 2021,arxiv,2109.00544,textattack/attack_recipes/a2t_yoo_2021.py
TextAttack,Tool,A2T Yoo 2021,author_citation,"Yoo et al., 2021",textattack/attack_recipes/a2t_yoo_2021.py
RobustBench,Benchmark,Various,author_citation,"most, 5000",robustbench/data.py
RobustBench,Benchmark,Various,author_citation,"most, 5000",robustbench/data.py
RobustBench,Benchmark,Various,author_citation,"most, 5000",robustbench/data.py
RobustBench,Benchmark,Various,arxiv,2003.09461,robustbench/leaderboard/template.py
RobustBench,Benchmark,Various,author_citation,"ECCV, 2020",robustbench/leaderboard/template.py
RobustBench,Benchmark,Various,author_citation,"Copyright, 2020",robustbench/model_zoo/architectures/dm_wide_resnet.py
RobustBench,Benchmark,Various,author_citation,"Copyright, 2020",robustbench/model_zoo/architectures/Meansparse_wrn_94_16.py
RobustBench,Benchmark,Various,author_citation,"Copyright, 2020",robustbench/model_zoo/architectures/Meansparse_wrn_70_16.py
RobustBench,Benchmark,Various,author_citation,"default, 1000",robustbench/model_zoo/architectures/resnest.py
RobustBench,Benchmark,Various,arxiv,2212.11005,robustbench/model_zoo/architectures/robust_resnet.py
RobustBench,Benchmark,Various,author_citation,"Gowal et al, 2020",robustbench/model_zoo/architectures/dm_rn.py
RobustBench,Benchmark,Various,arxiv,1611.05431,robustbench/model_zoo/architectures/resnext.py
RobustBench,Benchmark,Various,author_citation,"Copyright, 2020",robustbench/model_zoo/architectures/bit_rn.py
RobustBench,Benchmark,Various,arxiv,2303.01870,robustbench/model_zoo/architectures/convstem_models.py
RobustBench,Benchmark,Various,arxiv,2111.14725,robustbench/model_zoo/architectures/Meansparse_swin_L.py
RobustBench,Benchmark,Various,arxiv,2111.14725,robustbench/model_zoo/architectures/Meansparse_swin_L.py
RobustBench,Benchmark,Various,arxiv,2111.14725,robustbench/model_zoo/architectures/Meansparse_swin_L.py
RobustBench,Benchmark,Various,arxiv,2111.14725,robustbench/model_zoo/architectures/Meansparse_swin_L.py
RobustBench,Benchmark,Various,author_citation,"Copyright, 2021",robustbench/model_zoo/architectures/Meansparse_swin_L.py
RobustBench,Benchmark,Various,author_citation,"Copyright, 2020",robustbench/model_zoo/architectures/bit_rn_v2.py
HarmBench,Benchmark,Pap,arxiv,2401.06373,baselines/pap/PAP.py
HarmBench,Benchmark,Language Models,author_citation,"Jan, 2023",baselines/tap/language_models.py
HarmBench,Benchmark,Jailbreaks,author_citation,"is, 2086",baselines/human_jailbreaks/jailbreaks.py
HarmBench,Benchmark,Jailbreaks,author_citation,"True, 2023",baselines/human_jailbreaks/jailbreaks.py
HarmBench,Benchmark,Jailbreaks,author_citation,"True, 2023",baselines/human_jailbreaks/jailbreaks.py
HarmBench,Benchmark,Jailbreaks,author_citation,"True, 2023",baselines/human_jailbreaks/jailbreaks.py
HarmBench,Benchmark,Jailbreaks,author_citation,"True, 2023",baselines/human_jailbreaks/jailbreaks.py
HarmBench,Benchmark,Jailbreaks,author_citation,"True, 2023",baselines/human_jailbreaks/jailbreaks.py
HarmBench,Benchmark,Jailbreaks,author_citation,"True, 2023",baselines/human_jailbreaks/jailbreaks.py
HarmBench,Benchmark,Jailbreaks,author_citation,"True, 2023",baselines/human_jailbreaks/jailbreaks.py
HarmBench,Benchmark,Jailbreaks,author_citation,"True, 2023",baselines/human_jailbreaks/jailbreaks.py
HarmBench,Benchmark,Jailbreaks,author_citation,"of, 2021",baselines/human_jailbreaks/jailbreaks.py
HarmBench,Benchmark,Jailbreaks,author_citation,"January, 2023",baselines/human_jailbreaks/jailbreaks.py
HarmBench,Benchmark,Jailbreaks,author_citation,"April, 2023",baselines/human_jailbreaks/jailbreaks.py
HarmBench,Benchmark,Jailbreaks,author_citation,"in, 2022",baselines/human_jailbreaks/jailbreaks.py
HarmBench,Benchmark,Jailbreaks,author_citation,"of, 2023",baselines/human_jailbreaks/jailbreaks.py
HarmBench,Benchmark,Jailbreaks,author_citation,"th, 2023",baselines/human_jailbreaks/jailbreaks.py
HarmBench,Benchmark,Jailbreaks,author_citation,"True, 2023",baselines/human_jailbreaks/jailbreaks.py
HarmBench,Benchmark,Jailbreaks,author_citation,"True, 2023",baselines/human_jailbreaks/jailbreaks.py
HarmBench,Benchmark,Jailbreaks,author_citation,"True, 2023",baselines/human_jailbreaks/jailbreaks.py
HarmBench,Benchmark,Jailbreaks,author_citation,"True, 2023",baselines/human_jailbreaks/jailbreaks.py
HarmBench,Benchmark,Jailbreaks,author_citation,"in, 2025",baselines/human_jailbreaks/jailbreaks.py
HarmBench,Benchmark,Jailbreaks,author_citation,"the, 2022",baselines/human_jailbreaks/jailbreaks.py
HarmBench,Benchmark,Jailbreaks,author_citation,"in, 2021",baselines/human_jailbreaks/jailbreaks.py
HarmBench,Benchmark,Jailbreaks,author_citation,"the, 2022",baselines/human_jailbreaks/jailbreaks.py
HarmBench,Benchmark,Jailbreaks,author_citation,"the, 2022",baselines/human_jailbreaks/jailbreaks.py
HarmBench,Benchmark,Jailbreaks,author_citation,"the, 2022",baselines/human_jailbreaks/jailbreaks.py
HarmBench,Benchmark,Jailbreaks,author_citation,"True, 2023",baselines/human_jailbreaks/jailbreaks.py
HarmBench,Benchmark,Jailbreaks,author_citation,"True, 2023",baselines/human_jailbreaks/jailbreaks.py
HarmBench,Benchmark,Jailbreaks,author_citation,"True, 2023",baselines/human_jailbreaks/jailbreaks.py
HarmBench,Benchmark,Jailbreaks,author_citation,"True, 2023",baselines/human_jailbreaks/jailbreaks.py
HarmBench,Benchmark,Jailbreaks,author_citation,"True, 2023",baselines/human_jailbreaks/jailbreaks.py
HarmBench,Benchmark,Jailbreaks,author_citation,"True, 2023",baselines/human_jailbreaks/jailbreaks.py
HarmBench,Benchmark,Jailbreaks,author_citation,"of, 2021",baselines/human_jailbreaks/jailbreaks.py
HarmBench,Benchmark,Jailbreaks,author_citation,"January, 2023",baselines/human_jailbreaks/jailbreaks.py
HarmBench,Benchmark,Jailbreaks,author_citation,"April, 2023",baselines/human_jailbreaks/jailbreaks.py
HarmBench,Benchmark,Jailbreaks,author_citation,"in, 2022",baselines/human_jailbreaks/jailbreaks.py
HarmBench,Benchmark,Jailbreaks,author_citation,"the, 2022",baselines/human_jailbreaks/jailbreaks.py
HarmBench,Benchmark,Jailbreaks,author_citation,"in, 2021",baselines/human_jailbreaks/jailbreaks.py
HarmBench,Benchmark,Jailbreaks,author_citation,"mid, 2022",baselines/human_jailbreaks/jailbreaks.py
HarmBench,Benchmark,Jailbreaks,author_citation,"in, 2023",baselines/human_jailbreaks/jailbreaks.py
HarmBench,Benchmark,Jailbreaks,author_citation,"True, 2023",baselines/human_jailbreaks/jailbreaks.py
HarmBench,Benchmark,Jailbreaks,author_citation,"True, 2023",baselines/human_jailbreaks/jailbreaks.py
HarmBench,Benchmark,Jailbreaks,author_citation,"True, 2023",baselines/human_jailbreaks/jailbreaks.py
HarmBench,Benchmark,Jailbreaks,author_citation,"everything and got, 1200",baselines/human_jailbreaks/jailbreaks.py
HarmBench,Benchmark,Jailbreaks,author_citation,"True, 2023",baselines/human_jailbreaks/jailbreaks.py
HarmBench,Benchmark,Jailbreaks,author_citation,"to, 1000",baselines/human_jailbreaks/jailbreaks.py
HarmBench,Benchmark,Jailbreaks,author_citation,"to, 1000",baselines/human_jailbreaks/jailbreaks.py
HarmBench,Benchmark,Templates,author_citation,"in, 2021",baselines/autodan/templates.py
HarmBench,Benchmark,Templates,author_citation,"mid, 2022",baselines/autodan/templates.py
HarmBench,Benchmark,Templates,author_citation,"in, 2023",baselines/autodan/templates.py
HarmBench,Benchmark,Templates,author_citation,"in, 2021",baselines/autodan/templates.py
HarmBench,Benchmark,Templates,author_citation,"mid, 2022",baselines/autodan/templates.py
HarmBench,Benchmark,Templates,author_citation,"in, 2023",baselines/autodan/templates.py
HarmBench,Benchmark,Templates,author_citation,"in, 2021",baselines/autodan/templates.py
HarmBench,Benchmark,Templates,author_citation,"in, 2023",baselines/autodan/templates.py
HarmBench,Benchmark,Templates,author_citation,"in, 2021",baselines/autodan/templates.py
HarmBench,Benchmark,Templates,author_citation,"in, 2022",baselines/autodan/templates.py
HarmBench,Benchmark,Templates,author_citation,"in, 2023",baselines/autodan/templates.py
HarmBench,Benchmark,Templates,author_citation,"beyond, 2021",baselines/autodan/templates.py
HarmBench,Benchmark,Templates,author_citation,"in, 2023",baselines/autodan/templates.py
HarmBench,Benchmark,Templates,author_citation,"in, 2021",baselines/autodan/templates.py
HarmBench,Benchmark,Templates,author_citation,"of, 2022",baselines/autodan/templates.py
HarmBench,Benchmark,Templates,author_citation,"in, 2023",baselines/autodan/templates.py
HarmBench,Benchmark,Templates,author_citation,"in, 2021",baselines/autodan/templates.py
HarmBench,Benchmark,Templates,author_citation,"in, 2023",baselines/autodan/templates.py
HarmBench,Benchmark,Templates,author_citation,"in, 2021",baselines/autodan/templates.py
HarmBench,Benchmark,Templates,author_citation,"mid, 2022",baselines/autodan/templates.py
HarmBench,Benchmark,Templates,author_citation,"in, 2023",baselines/autodan/templates.py
HarmBench,Benchmark,Templates,author_citation,"in, 2021",baselines/autodan/templates.py
HarmBench,Benchmark,Templates,author_citation,"in, 2022",baselines/autodan/templates.py
HarmBench,Benchmark,Templates,author_citation,"in, 2023",baselines/autodan/templates.py
HarmBench,Benchmark,Templates,author_citation,"in, 2021",baselines/autodan/templates.py
HarmBench,Benchmark,Templates,author_citation,"in, 2023",baselines/autodan/templates.py
HarmBench,Benchmark,Templates,author_citation,"to, 2021",baselines/autodan/templates.py
HarmBench,Benchmark,Templates,author_citation,"in, 2023",baselines/autodan/templates.py
HarmBench,Benchmark,Templates,author_citation,"at, 2021",baselines/autodan/templates.py
HarmBench,Benchmark,Templates,author_citation,"in, 2023",baselines/autodan/templates.py
HarmBench,Benchmark,Templates,author_citation,"in, 2021",baselines/autodan/templates.py
HarmBench,Benchmark,Templates,author_citation,"in, 2022",baselines/autodan/templates.py
HarmBench,Benchmark,Templates,author_citation,"in, 2023",baselines/autodan/templates.py
HarmBench,Benchmark,Templates,author_citation,"in, 2021",baselines/autodan/templates.py
HarmBench,Benchmark,Templates,author_citation,"in, 2023",baselines/autodan/templates.py
HarmBench,Benchmark,Templates,author_citation,"in, 2021",baselines/autodan/templates.py
HarmBench,Benchmark,Templates,author_citation,"mid, 2022",baselines/autodan/templates.py
HarmBench,Benchmark,Templates,author_citation,"in, 2023",baselines/autodan/templates.py
HarmBench,Benchmark,Templates,author_citation,"in, 2021",baselines/autodan/templates.py
HarmBench,Benchmark,Templates,author_citation,"in, 2023",baselines/autodan/templates.py
HarmBench,Benchmark,Templates,author_citation,"in, 2021",baselines/autodan/templates.py
HarmBench,Benchmark,Templates,author_citation,"in, 2023",baselines/autodan/templates.py
HarmBench,Benchmark,Templates,author_citation,"in, 2021",baselines/autodan/templates.py
HarmBench,Benchmark,Templates,author_citation,"mid, 2022",baselines/autodan/templates.py
HarmBench,Benchmark,Templates,author_citation,"in, 2023",baselines/autodan/templates.py
HarmBench,Benchmark,Templates,author_citation,"in, 2021",baselines/autodan/templates.py
HarmBench,Benchmark,Templates,author_citation,"in, 2023",baselines/autodan/templates.py
HarmBench,Benchmark,Templates,author_citation,"to, 2021",baselines/autodan/templates.py
HarmBench,Benchmark,Templates,author_citation,"mid, 2022",baselines/autodan/templates.py
HarmBench,Benchmark,Templates,author_citation,"in, 2023",baselines/autodan/templates.py
HarmBench,Benchmark,Templates,author_citation,"in, 2021",baselines/autodan/templates.py
HarmBench,Benchmark,Templates,author_citation,"in, 2022",baselines/autodan/templates.py
HarmBench,Benchmark,Templates,author_citation,"in, 2023",baselines/autodan/templates.py
HarmBench,Benchmark,Templates,author_citation,"in, 2021",baselines/autodan/templates.py
HarmBench,Benchmark,Templates,author_citation,"in, 2023",baselines/autodan/templates.py
HarmBench,Benchmark,Templates,author_citation,"at, 2021",baselines/autodan/templates.py
HarmBench,Benchmark,Templates,author_citation,"in, 2023",baselines/autodan/templates.py
HarmBench,Benchmark,Templates,author_citation,"in, 2021",baselines/autodan/templates.py
HarmBench,Benchmark,Templates,author_citation,"in, 2023",baselines/autodan/templates.py
HarmBench,Benchmark,Templates,author_citation,"year, 2021",baselines/autodan/templates.py
HarmBench,Benchmark,Templates,author_citation,"of, 2022",baselines/autodan/templates.py
HarmBench,Benchmark,Templates,author_citation,"in, 2023",baselines/autodan/templates.py
HarmBench,Benchmark,Templates,author_citation,"through, 2022",baselines/autodan/templates.py
HarmBench,Benchmark,Templates,author_citation,"in, 2023",baselines/autodan/templates.py
HarmBench,Benchmark,Templates,author_citation,"in, 2021",baselines/autodan/templates.py
HarmBench,Benchmark,Templates,author_citation,"in, 2023",baselines/autodan/templates.py
HarmBench,Benchmark,Templates,author_citation,"in, 2021",baselines/autodan/templates.py
HarmBench,Benchmark,Templates,author_citation,"in, 2023",baselines/autodan/templates.py
HarmBench,Benchmark,Templates,author_citation,"since, 2021",baselines/autodan/templates.py
HarmBench,Benchmark,Templates,author_citation,"through, 2022",baselines/autodan/templates.py
HarmBench,Benchmark,Templates,author_citation,"in, 2023",baselines/autodan/templates.py
HarmBench,Benchmark,Templates,author_citation,"in, 2021",baselines/autodan/templates.py
HarmBench,Benchmark,Templates,author_citation,"in, 2023",baselines/autodan/templates.py
HarmBench,Benchmark,Templates,author_citation,"of, 2021",baselines/autodan/templates.py
HarmBench,Benchmark,Templates,author_citation,"in, 2022",baselines/autodan/templates.py
HarmBench,Benchmark,Templates,author_citation,"in, 2023",baselines/autodan/templates.py
HarmBench,Benchmark,Templates,author_citation,"your, 2021",baselines/autodan/templates.py
HarmBench,Benchmark,Templates,author_citation,"in, 2023",baselines/autodan/templates.py
HarmBench,Benchmark,Templates,author_citation,"in, 2021",baselines/autodan/templates.py
HarmBench,Benchmark,Templates,author_citation,"in, 2023",baselines/autodan/templates.py
HarmBench,Benchmark,Templates,author_citation,"till, 2021",baselines/autodan/templates.py
HarmBench,Benchmark,Templates,author_citation,"of, 2022",baselines/autodan/templates.py
HarmBench,Benchmark,Templates,author_citation,"in, 2023",baselines/autodan/templates.py
HarmBench,Benchmark,Templates,author_citation,"till, 2021",baselines/autodan/templates.py
HarmBench,Benchmark,Templates,author_citation,"in, 2023",baselines/autodan/templates.py
HarmBench,Benchmark,Templates,author_citation,"in, 2021",baselines/autodan/templates.py
HarmBench,Benchmark,Templates,author_citation,"in, 2023",baselines/autodan/templates.py
HarmBench,Benchmark,Templates,author_citation,"in, 2021",baselines/autodan/templates.py
HarmBench,Benchmark,Templates,author_citation,"mid, 2022",baselines/autodan/templates.py
HarmBench,Benchmark,Templates,author_citation,"in, 2023",baselines/autodan/templates.py
HarmBench,Benchmark,Templates,author_citation,"in, 2021",baselines/autodan/templates.py
HarmBench,Benchmark,Templates,author_citation,"in, 2023",baselines/autodan/templates.py
HarmBench,Benchmark,Templates,author_citation,"in, 2021",baselines/autodan/templates.py
HarmBench,Benchmark,Templates,author_citation,"in, 2023",baselines/autodan/templates.py
HarmBench,Benchmark,Templates,author_citation,"until, 2021",baselines/autodan/templates.py
HarmBench,Benchmark,Templates,author_citation,"in, 2023",baselines/autodan/templates.py
HarmBench,Benchmark,Templates,author_citation,"is, 2021",baselines/autodan/templates.py
HarmBench,Benchmark,Templates,author_citation,"in, 2023",baselines/autodan/templates.py
HarmBench,Benchmark,Templates,author_citation,"in, 2021",baselines/autodan/templates.py
HarmBench,Benchmark,Templates,author_citation,"in, 2022",baselines/autodan/templates.py
HarmBench,Benchmark,Templates,author_citation,"in, 2023",baselines/autodan/templates.py
HarmBench,Benchmark,Templates,author_citation,"in, 2021",baselines/autodan/templates.py
HarmBench,Benchmark,Templates,author_citation,"in, 2022",baselines/autodan/templates.py
HarmBench,Benchmark,Templates,author_citation,"in, 2023",baselines/autodan/templates.py
HarmBench,Benchmark,Templates,author_citation,"in, 2021",baselines/autodan/templates.py
HarmBench,Benchmark,Templates,author_citation,"in, 2022",baselines/autodan/templates.py
HarmBench,Benchmark,Templates,author_citation,"in, 2023",baselines/autodan/templates.py
HarmBench,Benchmark,Templates,author_citation,"in, 2021",baselines/autodan/templates.py
HarmBench,Benchmark,Templates,author_citation,"in, 2023",baselines/autodan/templates.py
HarmBench,Benchmark,Templates,author_citation,"to, 2021",baselines/autodan/templates.py
HarmBench,Benchmark,Templates,author_citation,"in, 2022",baselines/autodan/templates.py
HarmBench,Benchmark,Templates,author_citation,"In, 2023",baselines/autodan/templates.py
HarmBench,Benchmark,Templates,author_citation,"at, 2021",baselines/autodan/templates.py
HarmBench,Benchmark,Templates,author_citation,"in, 2023",baselines/autodan/templates.py
HarmBench,Benchmark,Templates,author_citation,"in, 2021",baselines/autodan/templates.py
HarmBench,Benchmark,Templates,author_citation,"in, 2023",baselines/autodan/templates.py
HarmBench,Benchmark,Templates,author_citation,"in, 2021",baselines/autodan/templates.py
HarmBench,Benchmark,Templates,author_citation,"in, 2022",baselines/autodan/templates.py
HarmBench,Benchmark,Templates,author_citation,"in, 2023",baselines/autodan/templates.py
HarmBench,Benchmark,Templates,author_citation,"in, 2021",baselines/autodan/templates.py
HarmBench,Benchmark,Templates,author_citation,"in, 2023",baselines/autodan/templates.py
HarmBench,Benchmark,Templates,author_citation,"in, 2021",baselines/autodan/templates.py
HarmBench,Benchmark,Templates,author_citation,"through, 2022",baselines/autodan/templates.py
HarmBench,Benchmark,Templates,author_citation,"in, 2023",baselines/autodan/templates.py
HarmBench,Benchmark,Templates,author_citation,"in, 2021",baselines/autodan/templates.py
HarmBench,Benchmark,Templates,author_citation,"mid, 2022",baselines/autodan/templates.py
HarmBench,Benchmark,Templates,author_citation,"in, 2023",baselines/autodan/templates.py
HarmBench,Benchmark,Templates,author_citation,"in, 2021",baselines/autodan/templates.py
HarmBench,Benchmark,Templates,author_citation,"mid, 2022",baselines/autodan/templates.py
HarmBench,Benchmark,Templates,author_citation,"in, 2023",baselines/autodan/templates.py
HarmBench,Benchmark,Templates,author_citation,"at, 2021",baselines/autodan/templates.py
HarmBench,Benchmark,Templates,author_citation,"in, 2023",baselines/autodan/templates.py
HarmBench,Benchmark,Templates,author_citation,"in, 2021",baselines/autodan/templates.py
HarmBench,Benchmark,Templates,author_citation,"in, 2023",baselines/autodan/templates.py
HarmBench,Benchmark,Templates,author_citation,"in, 2022",baselines/autodan/templates.py
HarmBench,Benchmark,Templates,author_citation,"in, 2023",baselines/autodan/templates.py
HarmBench,Benchmark,Templates,author_citation,"in, 2021",baselines/autodan/templates.py
HarmBench,Benchmark,Templates,author_citation,"in, 2023",baselines/autodan/templates.py
HarmBench,Benchmark,Templates,author_citation,"in, 2021",baselines/autodan/templates.py
HarmBench,Benchmark,Templates,author_citation,"in, 2023",baselines/autodan/templates.py
HarmBench,Benchmark,Templates,author_citation,"in, 2021",baselines/autodan/templates.py
HarmBench,Benchmark,Templates,author_citation,"in, 2023",baselines/autodan/templates.py
HarmBench,Benchmark,Templates,author_citation,"year, 2021",baselines/autodan/templates.py
HarmBench,Benchmark,Templates,author_citation,"through, 2022",baselines/autodan/templates.py
HarmBench,Benchmark,Templates,author_citation,"in, 2023",baselines/autodan/templates.py
HarmBench,Benchmark,Templates,author_citation,"in, 2021",baselines/autodan/templates.py
HarmBench,Benchmark,Templates,author_citation,"during, 2022",baselines/autodan/templates.py
HarmBench,Benchmark,Templates,author_citation,"in, 2023",baselines/autodan/templates.py
HarmBench,Benchmark,Templates,author_citation,"in, 2021",baselines/autodan/templates.py
HarmBench,Benchmark,Templates,author_citation,"of, 2022",baselines/autodan/templates.py
HarmBench,Benchmark,Templates,author_citation,"in, 2023",baselines/autodan/templates.py
HarmBench,Benchmark,Templates,author_citation,"in, 2021",baselines/autodan/templates.py
HarmBench,Benchmark,Templates,author_citation,"in, 2023",baselines/autodan/templates.py
HarmBench,Benchmark,Templates,author_citation,"of, 2021",baselines/autodan/templates.py
HarmBench,Benchmark,Templates,author_citation,"mid, 2022",baselines/autodan/templates.py
HarmBench,Benchmark,Templates,author_citation,"in, 2023",baselines/autodan/templates.py
HarmBench,Benchmark,Templates,author_citation,"in, 2021",baselines/autodan/templates.py
HarmBench,Benchmark,Templates,author_citation,"in, 2023",baselines/autodan/templates.py
HarmBench,Benchmark,Templates,author_citation,"in, 2021",baselines/autodan/templates.py
HarmBench,Benchmark,Templates,author_citation,"in, 2023",baselines/autodan/templates.py
HarmBench,Benchmark,Templates,author_citation,"in, 2021",baselines/autodan/templates.py
HarmBench,Benchmark,Templates,author_citation,"in, 2022",baselines/autodan/templates.py
HarmBench,Benchmark,Templates,author_citation,"in, 2023",baselines/autodan/templates.py
HarmBench,Benchmark,Templates,author_citation,"at, 2021",baselines/autodan/templates.py
HarmBench,Benchmark,Templates,author_citation,"in, 2023",baselines/autodan/templates.py
HarmBench,Benchmark,Templates,author_citation,"in, 2021",baselines/autodan/templates.py
HarmBench,Benchmark,Templates,author_citation,"in, 2022",baselines/autodan/templates.py
HarmBench,Benchmark,Templates,author_citation,"in, 2023",baselines/autodan/templates.py
HarmBench,Benchmark,Templates,author_citation,"in, 2021",baselines/autodan/templates.py
HarmBench,Benchmark,Templates,author_citation,"in, 2023",baselines/autodan/templates.py
HarmBench,Benchmark,Templates,author_citation,"at, 2021",baselines/autodan/templates.py
HarmBench,Benchmark,Templates,author_citation,"mid, 2022",baselines/autodan/templates.py
HarmBench,Benchmark,Templates,author_citation,"in, 2023",baselines/autodan/templates.py
HarmBench,Benchmark,Templates,author_citation,"in, 2021",baselines/autodan/templates.py
HarmBench,Benchmark,Templates,author_citation,"in, 2023",baselines/autodan/templates.py
HarmBench,Benchmark,Templates,author_citation,"in, 2021",baselines/autodan/templates.py
HarmBench,Benchmark,Templates,author_citation,"of, 2022",baselines/autodan/templates.py
HarmBench,Benchmark,Templates,author_citation,"in, 2023",baselines/autodan/templates.py
HarmBench,Benchmark,Templates,author_citation,"in, 2021",baselines/autodan/templates.py
HarmBench,Benchmark,Templates,author_citation,"in, 2022",baselines/autodan/templates.py
HarmBench,Benchmark,Templates,author_citation,"in, 2023",baselines/autodan/templates.py
HarmBench,Benchmark,Templates,author_citation,"in, 2021",baselines/autodan/templates.py
HarmBench,Benchmark,Templates,author_citation,"by, 2023",baselines/autodan/templates.py
HarmBench,Benchmark,Templates,author_citation,"in, 2021",baselines/autodan/templates.py
HarmBench,Benchmark,Templates,author_citation,"in, 2022",baselines/autodan/templates.py
HarmBench,Benchmark,Templates,author_citation,"in, 2023",baselines/autodan/templates.py
HarmBench,Benchmark,Templates,author_citation,"in, 2021",baselines/autodan/templates.py
HarmBench,Benchmark,Templates,author_citation,"in, 2023",baselines/autodan/templates.py
HarmBench,Benchmark,Templates,author_citation,"at, 2021",baselines/autodan/templates.py
HarmBench,Benchmark,Templates,author_citation,"in, 2023",baselines/autodan/templates.py
HarmBench,Benchmark,Templates,author_citation,"in, 2021",baselines/autodan/templates.py
HarmBench,Benchmark,Templates,author_citation,"in, 2023",baselines/autodan/templates.py
HarmBench,Benchmark,Templates,author_citation,"to, 2021",baselines/autodan/templates.py
HarmBench,Benchmark,Templates,author_citation,"in, 2023",baselines/autodan/templates.py
HarmBench,Benchmark,Templates,author_citation,"in, 2021",baselines/autodan/templates.py
HarmBench,Benchmark,Templates,author_citation,"in, 2023",baselines/autodan/templates.py
HarmBench,Benchmark,Templates,author_citation,"in, 2021",baselines/autodan/templates.py
HarmBench,Benchmark,Templates,author_citation,"in, 2022",baselines/autodan/templates.py
HarmBench,Benchmark,Templates,author_citation,"in, 2023",baselines/autodan/templates.py
HarmBench,Benchmark,Templates,author_citation,"in, 2021",baselines/autodan/templates.py
HarmBench,Benchmark,Templates,author_citation,"in, 2023",baselines/autodan/templates.py
HarmBench,Benchmark,Templates,author_citation,"at, 2021",baselines/autodan/templates.py
HarmBench,Benchmark,Templates,author_citation,"mid, 2022",baselines/autodan/templates.py
HarmBench,Benchmark,Templates,author_citation,"in, 2023",baselines/autodan/templates.py
HarmBench,Benchmark,Templates,author_citation,"in, 2021",baselines/autodan/templates.py
HarmBench,Benchmark,Templates,author_citation,"in, 2023",baselines/autodan/templates.py
HarmBench,Benchmark,Templates,author_citation,"to, 2021",baselines/autodan/templates.py
HarmBench,Benchmark,Templates,author_citation,"mid, 2022",baselines/autodan/templates.py
HarmBench,Benchmark,Templates,author_citation,"in, 2023",baselines/autodan/templates.py
HarmBench,Benchmark,Templates,author_citation,"in, 2021",baselines/autodan/templates.py
HarmBench,Benchmark,Templates,author_citation,"mid, 2022",baselines/autodan/templates.py
HarmBench,Benchmark,Templates,author_citation,"in, 2023",baselines/autodan/templates.py
HarmBench,Benchmark,Templates,author_citation,"in, 2021",baselines/autodan/templates.py
HarmBench,Benchmark,Templates,author_citation,"through, 2022",baselines/autodan/templates.py
HarmBench,Benchmark,Templates,author_citation,"in, 2023",baselines/autodan/templates.py
HarmBench,Benchmark,Templates,author_citation,"in, 2021",baselines/autodan/templates.py
HarmBench,Benchmark,Templates,author_citation,"in, 2022",baselines/autodan/templates.py
HarmBench,Benchmark,Templates,author_citation,"in, 2023",baselines/autodan/templates.py
HarmBench,Benchmark,Templates,author_citation,"in, 2021",baselines/autodan/templates.py
HarmBench,Benchmark,Templates,author_citation,"in, 2023",baselines/autodan/templates.py
HarmBench,Benchmark,Templates,author_citation,"to, 2021",baselines/autodan/templates.py
HarmBench,Benchmark,Templates,author_citation,"of, 2022",baselines/autodan/templates.py
HarmBench,Benchmark,Templates,author_citation,"in, 2023",baselines/autodan/templates.py
HarmBench,Benchmark,Templates,author_citation,"in, 2021",baselines/autodan/templates.py
HarmBench,Benchmark,Templates,author_citation,"in, 2023",baselines/autodan/templates.py
HarmBench,Benchmark,Templates,author_citation,"in, 2021",baselines/autodan/templates.py
HarmBench,Benchmark,Templates,author_citation,"in, 2023",baselines/autodan/templates.py
HarmBench,Benchmark,Templates,author_citation,"in, 2021",baselines/autodan/templates.py
HarmBench,Benchmark,Templates,author_citation,"in, 2023",baselines/autodan/templates.py
HarmBench,Benchmark,Templates,author_citation,"your, 2021",baselines/autodan/templates.py
HarmBench,Benchmark,Templates,author_citation,"mid, 2022",baselines/autodan/templates.py
HarmBench,Benchmark,Templates,author_citation,"in, 2023",baselines/autodan/templates.py
HarmBench,Benchmark,Templates,author_citation,"in, 2021",baselines/autodan/templates.py
HarmBench,Benchmark,Templates,author_citation,"Mid, 2022",baselines/autodan/templates.py
HarmBench,Benchmark,Templates,author_citation,"in, 2023",baselines/autodan/templates.py
HarmBench,Benchmark,Templates,author_citation,"in, 2021",baselines/autodan/templates.py
HarmBench,Benchmark,Templates,author_citation,"in, 2023",baselines/autodan/templates.py
HarmBench,Benchmark,Templates,author_citation,"in, 2021",baselines/autodan/templates.py
HarmBench,Benchmark,Templates,author_citation,"in, 2023",baselines/autodan/templates.py
HarmBench,Benchmark,Templates,author_citation,"in, 2021",baselines/autodan/templates.py
HarmBench,Benchmark,Templates,author_citation,"in, 2023",baselines/autodan/templates.py
HarmBench,Benchmark,Templates,author_citation,"in, 2021",baselines/autodan/templates.py
HarmBench,Benchmark,Templates,author_citation,"Mid, 2022",baselines/autodan/templates.py
HarmBench,Benchmark,Templates,author_citation,"in, 2023",baselines/autodan/templates.py
HarmBench,Benchmark,Templates,author_citation,"in, 2021",baselines/autodan/templates.py
HarmBench,Benchmark,Templates,author_citation,"in, 2023",baselines/autodan/templates.py
HarmBench,Benchmark,Templates,author_citation,"at, 2021",baselines/autodan/templates.py
HarmBench,Benchmark,Templates,author_citation,"of, 2022",baselines/autodan/templates.py
HarmBench,Benchmark,Templates,author_citation,"in, 2023",baselines/autodan/templates.py
HarmBench,Benchmark,Templates,author_citation,"in, 2021",baselines/autodan/templates.py
HarmBench,Benchmark,Templates,author_citation,"in, 2022",baselines/autodan/templates.py
HarmBench,Benchmark,Templates,author_citation,"in, 2023",baselines/autodan/templates.py
HarmBench,Benchmark,Templates,author_citation,"in, 2021",baselines/autodan/templates.py
HarmBench,Benchmark,Templates,author_citation,"through, 2022",baselines/autodan/templates.py
HarmBench,Benchmark,Templates,author_citation,"in, 2023",baselines/autodan/templates.py
HarmBench,Benchmark,Templates,author_citation,"in, 2021",baselines/autodan/templates.py
HarmBench,Benchmark,Templates,author_citation,"in, 2023",baselines/autodan/templates.py
HarmBench,Benchmark,Templates,author_citation,"at, 2021",baselines/autodan/templates.py
HarmBench,Benchmark,Templates,author_citation,"in, 2023",baselines/autodan/templates.py
HarmBench,Benchmark,Templates,author_citation,"until, 2021",baselines/autodan/templates.py
HarmBench,Benchmark,Templates,author_citation,"mid, 2022",baselines/autodan/templates.py
HarmBench,Benchmark,Templates,author_citation,"in, 2023",baselines/autodan/templates.py
HarmBench,Benchmark,Templates,author_citation,"at, 2021",baselines/autodan/templates.py
HarmBench,Benchmark,Templates,author_citation,"mid, 2022",baselines/autodan/templates.py
HarmBench,Benchmark,Templates,author_citation,"in, 2023",baselines/autodan/templates.py
HarmBench,Benchmark,Templates,author_citation,"in, 2021",baselines/autodan/templates.py
HarmBench,Benchmark,Templates,author_citation,"mid, 2022",baselines/autodan/templates.py
HarmBench,Benchmark,Templates,author_citation,"in, 2023",baselines/autodan/templates.py
HarmBench,Benchmark,Templates,author_citation,"in, 2021",baselines/autodan/templates.py
HarmBench,Benchmark,Templates,author_citation,"in, 2023",baselines/autodan/templates.py
HarmBench,Benchmark,Templates,author_citation,"in, 2021",baselines/autodan/templates.py
HarmBench,Benchmark,Templates,author_citation,"in, 2023",baselines/autodan/templates.py
HarmBench,Benchmark,Templates,author_citation,"in, 2021",baselines/autodan/templates.py
HarmBench,Benchmark,Templates,author_citation,"in, 2023",baselines/autodan/templates.py
HarmBench,Benchmark,Templates,author_citation,"your, 2021",baselines/autodan/templates.py
HarmBench,Benchmark,Templates,author_citation,"in, 2022",baselines/autodan/templates.py
HarmBench,Benchmark,Templates,author_citation,"in, 2023",baselines/autodan/templates.py
HarmBench,Benchmark,Templates,author_citation,"in, 2021",baselines/autodan/templates.py
HarmBench,Benchmark,Templates,author_citation,"in, 2023",baselines/autodan/templates.py
HarmBench,Benchmark,Templates,author_citation,"till, 2021",baselines/autodan/templates.py
HarmBench,Benchmark,Templates,author_citation,"mid, 2022",baselines/autodan/templates.py
HarmBench,Benchmark,Templates,author_citation,"in, 2023",baselines/autodan/templates.py
HarmBench,Benchmark,Templates,author_citation,"in, 2021",baselines/autodan/templates.py
HarmBench,Benchmark,Templates,author_citation,"mid, 2022",baselines/autodan/templates.py
HarmBench,Benchmark,Templates,author_citation,"in, 2023",baselines/autodan/templates.py
HarmBench,Benchmark,Templates,author_citation,"in, 2021",baselines/autodan/templates.py
HarmBench,Benchmark,Templates,author_citation,"in, 2023",baselines/autodan/templates.py
HarmBench,Benchmark,Templates,author_citation,"in, 2021",baselines/autodan/templates.py
HarmBench,Benchmark,Templates,author_citation,"in, 2023",baselines/autodan/templates.py
HarmBench,Benchmark,Templates,author_citation,"by, 2023",baselines/autodan/templates.py
HarmBench,Benchmark,Templates,author_citation,"in, 2021",baselines/autodan/templates.py
HarmBench,Benchmark,Templates,author_citation,"in, 2023",baselines/autodan/templates.py
HarmBench,Benchmark,Templates,author_citation,"in, 2021",baselines/autodan/templates.py
HarmBench,Benchmark,Templates,author_citation,"mid, 2022",baselines/autodan/templates.py
HarmBench,Benchmark,Templates,author_citation,"in, 2023",baselines/autodan/templates.py
HarmBench,Benchmark,Templates,author_citation,"in, 2021",baselines/autodan/templates.py
HarmBench,Benchmark,Templates,author_citation,"in, 2022",baselines/autodan/templates.py
HarmBench,Benchmark,Templates,author_citation,"in, 2023",baselines/autodan/templates.py
HarmBench,Benchmark,Templates,author_citation,"in, 2021",baselines/autodan/templates.py
HarmBench,Benchmark,Templates,author_citation,"during, 2022",baselines/autodan/templates.py
HarmBench,Benchmark,Templates,author_citation,"in, 2023",baselines/autodan/templates.py
HarmBench,Benchmark,Templates,author_citation,"in, 2021",baselines/autodan/templates.py
HarmBench,Benchmark,Templates,author_citation,"in, 2023",baselines/autodan/templates.py
HarmBench,Benchmark,Templates,author_citation,"at, 2021",baselines/autodan/templates.py
HarmBench,Benchmark,Templates,author_citation,"in, 2023",baselines/autodan/templates.py
HarmBench,Benchmark,Templates,author_citation,"in, 2021",baselines/autodan/templates.py
HarmBench,Benchmark,Templates,author_citation,"of, 2022",baselines/autodan/templates.py
HarmBench,Benchmark,Templates,author_citation,"in, 2023",baselines/autodan/templates.py
HarmBench,Benchmark,Templates,author_citation,"in, 2021",baselines/autodan/templates.py
HarmBench,Benchmark,Templates,author_citation,"in, 2023",baselines/autodan/templates.py
HarmBench,Benchmark,Templates,author_citation,"is, 2021",baselines/autodan/templates.py
HarmBench,Benchmark,Templates,author_citation,"mid, 2022",baselines/autodan/templates.py
HarmBench,Benchmark,Templates,author_citation,"in, 2023",baselines/autodan/templates.py
HarmBench,Benchmark,Templates,author_citation,"at, 2021",baselines/autodan/templates.py
HarmBench,Benchmark,Templates,author_citation,"in, 2023",baselines/autodan/templates.py
HarmBench,Benchmark,Language Models,author_citation,"Jan, 2023",baselines/pair/language_models.py
HarmBench,Benchmark,README References,arxiv,2402.04249,README.md
PyRIT,Tool,Azure Sql Memory,author_citation,"to, 1800",pyrit/memory/azure_sql_memory.py
PyRIT,Tool,Medsafetybench Dataset,author_citation,"NeurIPS, 2024",pyrit/datasets/seed_datasets/remote/medsafetybench_dataset.py
PyRIT,Tool,Aya Redteaming Dataset,arxiv,2406.18682,pyrit/datasets/seed_datasets/remote/aya_redteaming_dataset.py
PyRIT,Tool,Sosbench Dataset,arxiv,2505.21605,pyrit/datasets/seed_datasets/remote/sosbench_dataset.py
PyRIT,Tool,Equitymedqa Dataset,arxiv,2403.12025,pyrit/datasets/seed_datasets/remote/equitymedqa_dataset.py
PyRIT,Tool,Harmbench Multimodal Dataset,arxiv,2402.04249,pyrit/datasets/seed_datasets/remote/harmbench_multimodal_dataset.py
PyRIT,Tool,Forbidden Questions Dataset,arxiv,2308.03825,pyrit/datasets/seed_datasets/remote/forbidden_questions_dataset.py
PyRIT,Tool,Forbidden Questions Dataset,author_citation,"CCS, 2024",pyrit/datasets/seed_datasets/remote/forbidden_questions_dataset.py
PyRIT,Tool,Librai Do Not Answer Dataset,arxiv,2308.13387,pyrit/datasets/seed_datasets/remote/librai_do_not_answer_dataset.py
PyRIT,Tool,Jbb Behaviors Dataset,arxiv,2404.01318,pyrit/datasets/seed_datasets/remote/jbb_behaviors_dataset.py
PyRIT,Tool,Sorry Bench Dataset,arxiv,2406.14598,pyrit/datasets/seed_datasets/remote/sorry_bench_dataset.py
PyRIT,Tool,Sorry Bench Dataset,author_citation,"updated, 2025",pyrit/datasets/seed_datasets/remote/sorry_bench_dataset.py
PyRIT,Tool,Sorry Bench Dataset,author_citation,"Bench, 2025",pyrit/datasets/seed_datasets/remote/sorry_bench_dataset.py
PyRIT,Tool,Vlsu Multimodal Dataset,arxiv,2501.01151,pyrit/datasets/seed_datasets/remote/vlsu_multimodal_dataset.py
PyRIT,Tool,mlcommons_ailuminate_dataset,doi,10.48550/arXiv.2404.12241,pyrit/datasets/seed_datasets/remote/mlcommons_ailuminate_dataset.py
PyRIT,Tool,Transphobia Awareness Dataset,doi,10.5281/zenodo.15482694,pyrit/datasets/seed_datasets/remote/transphobia_awareness_dataset.py
PyRIT,Tool,Main,author_citation,"port, 3000",pyrit/backend/main.py
PyRIT,Tool,Data Type Serializer,author_citation,"to, 1600",pyrit/models/data_type_serializer.py
PyRIT,Tool,Image Compression Converter,author_citation,"to, 1024",pyrit/prompt_converter/image_compression_converter.py
PyRIT,Tool,Audio Frequency Converter,author_citation,"to, 2000",pyrit/prompt_converter/audio_frequency_converter.py
PyRIT,Tool,Persuasion Converter,arxiv,2401.06373,pyrit/prompt_converter/persuasion_converter.py
PyRIT,Tool,base2048_converter,author_citation,"uses, 2048",pyrit/prompt_converter/base2048_converter.py
PyRIT,Tool,Codechameleon Converter,arxiv,2402.16717,pyrit/prompt_converter/codechameleon_converter.py
PyRIT,Tool,Transparency Attack Converter,arxiv,1412.6980,pyrit/prompt_converter/transparency_attack_converter.py
PyRIT,Tool,Transparency Attack Converter,arxiv,2401.15817,pyrit/prompt_converter/transparency_attack_converter.py
PyRIT,Tool,Transparency Attack Converter,arxiv,2401.15817,pyrit/prompt_converter/transparency_attack_converter.py
PyRIT,Tool,Transparency Attack Converter,author_citation,"Ba, 2014",pyrit/prompt_converter/transparency_attack_converter.py
PyRIT,Tool,Transparency Attack Converter,author_citation,"is, 1500",pyrit/prompt_converter/transparency_attack_converter.py
PyRIT,Tool,Selective Text Converter,author_citation,"is, 1234",pyrit/prompt_converter/selective_text_converter.py
PyRIT,Tool,Atbash Converter,author_citation,"ABCDEFGHIJKLMNOPQRSTUVWXYZ, 0123",pyrit/prompt_converter/atbash_converter.py
PyRIT,Tool,Atbash Converter,author_citation,"ZYXWVUTSRQPONMLKJIHGFEDCBA, 9876",pyrit/prompt_converter/atbash_converter.py
PyRIT,Tool,Azure Content Filter Scorer,author_citation,"than, 2048",pyrit/score/float_scale/azure_content_filter_scorer.py
PyRIT,Tool,Attack Manager,author_citation,"is, 1000",pyrit/auxiliary_attacks/gcg/attack/base/attack_manager.py
PyRIT,Tool,Attack Manager,author_citation,"is, 1024",pyrit/auxiliary_attacks/gcg/attack/base/attack_manager.py
PyRIT,Tool,Attack Manager,author_citation,"is, 1000",pyrit/auxiliary_attacks/gcg/attack/base/attack_manager.py
PyRIT,Tool,Attack Manager,author_citation,"is, 1024",pyrit/auxiliary_attacks/gcg/attack/base/attack_manager.py
PyRIT,Tool,Tree Of Attacks,arxiv,2312.02119,pyrit/executor/attack/multi_turn/tree_of_attacks.py
PyRIT,Tool,Openai Realtime Target,author_citation,"to, 1600",pyrit/prompt_target/openai/openai_realtime_target.py
PyRIT,Tool,Openai Realtime Target,author_citation,"uses, 2400",pyrit/prompt_target/openai/openai_realtime_target.py
PyRIT,Tool,Dev,author_citation,"port, 8000",frontend/dev.py
PyRIT,Tool,Dev,author_citation,"port, 3000",frontend/dev.py
PyRIT,Tool,test_selective_text_converter,author_citation,"is, 1234",tests/unit/converter/test_selective_text_converter.py
PyRIT,Tool,test_insert_punctuation_converter,author_citation,"words, 1234",tests/unit/converter/test_insert_punctuation_converter.py
PyRIT,Tool,test_first_letter_converter,author_citation,"En, 1815",tests/unit/converter/test_first_letter_converter.py
PyRIT,Tool,test_first_letter_converter,author_citation,"depuis, 1806",tests/unit/converter/test_first_letter_converter.py
PyRIT,Tool,test_text_selection_strategy,author_citation,"is, 1234",tests/unit/converter/test_text_selection_strategy.py
PyRIT,Tool,test_ai_recruiter,author_citation,"January, 2020",tests/integration/ai_recruiter/test_ai_recruiter.py
PyRIT,Tool,test_ai_recruiter,author_citation,"June, 2017",tests/integration/ai_recruiter/test_ai_recruiter.py
PyRIT,Tool,test_ai_recruiter,author_citation,"December, 2019",tests/integration/ai_recruiter/test_ai_recruiter.py
PyRIT,Tool,8_seed_database,author_citation,"format and samplerate, 2400",doc/code/memory/8_seed_database.py
PyRIT,Tool,8 Openai Responses Target,author_citation,"October, 2025",doc/code/targets/8_openai_responses_target.py
PyRIT,Tool,6 Selectively Converting,author_citation,"code, 1234",doc/code/converters/6_selectively_converting.py
PyRIT,Tool,6 Selectively Converting,author_citation,"password, 6789",doc/code/converters/6_selectively_converting.py
PyRIT,Tool,3 Image Converters,arxiv,2401.15817,doc/code/converters/3_image_converters.py
PyRIT,Tool,0 Auxiliary Attacks,arxiv,2307.15043,doc/code/auxiliary_attacks/0_auxiliary_attacks.py
PyRIT,Tool,Tap Attack,arxiv,2312.02119,doc/code/executor/attack/tap_attack.py
PyRIT,Tool,2 Xpia Ai Recruiter,author_citation,"January, 2020",doc/code/executor/workflow/2_xpia_ai_recruiter.py
PyRIT,Tool,2 Xpia Ai Recruiter,author_citation,"June, 2017",doc/code/executor/workflow/2_xpia_ai_recruiter.py
PyRIT,Tool,2 Xpia Ai Recruiter,author_citation,"December, 2019",doc/code/executor/workflow/2_xpia_ai_recruiter.py
PyRIT,Tool,Fuzzer Generator,arxiv,2309.10253,doc/code/executor/promptgen/fuzzer_generator.py
PyRIT,Tool,Deploy Hf Model Aml,author_citation,"is, 6000",doc/deployment/deploy_hf_model_aml.py
